timestamp,clocks.sm[MHz],temperature.gpu[C],power.draw[W],utilization.gpu[%]
2026/07/21 11:15:49.410, 345, 46, 89.57, 0
2026/07/21 11:15:50.598, 345, 46, 89.72, 0
2026/07/21 11:15:51.779, 345, 46, 89.74, 0
2026/07/21 11:15:52.962, 345, 46, 89.73, 0
2026/07/21 11:15:54.139, 345, 46, 89.56, 0
2026/07/21 11:15:55.515, 345, 47, 89.65, 0
2026/07/21 11:15:56.770, 345, 46, 89.58, 0
2026/07/21 11:15:58.578, 345, 46, 89.61, 0
2026/07/21 11:15:59.755, 345, 46, 89.36, 0
2026/07/21 11:16:00.930, 345, 46, 89.68, 0
2026/07/21 11:16:02.111, 345, 46, 89.43, 0
2026/07/21 11:16:03.292, 345, 46, 89.55, 0
2026/07/21 11:16:04.478, 345, 46, 89.51, 0
2026/07/21 11:16:05.658, 345, 46, 89.37, 0
2026/07/21 11:16:06.834, 345, 46, 89.37, 0
2026/07/21 11:16:08.014, 345, 46, 89.64, 0
2026/07/21 11:16:09.196, 345, 46, 89.47, 0
2026/07/21 11:16:10.384, 345, 46, 89.78, 0
2026/07/21 11:16:11.562, 345, 46, 89.63, 0
2026/07/21 11:16:12.739, 345, 46, 89.55, 0
2026/07/21 11:16:13.918, 345, 46, 89.54, 0
2026/07/21 11:16:15.098, 345, 46, 89.76, 0
2026/07/21 11:16:16.371, 345, 46, 89.72, 0
2026/07/21 11:16:17.869, 345, 46, 89.62, 0
2026/07/21 11:16:19.047, 345, 46, 89.54, 0
2026/07/21 11:16:20.224, 345, 46, 89.60, 0
2026/07/21 11:16:21.468, 345, 46, 89.80, 0
2026/07/21 11:16:22.649, 345, 46, 89.73, 0
2026/07/21 11:16:23.827, 345, 46, 89.55, 0
2026/07/21 11:16:25.010, 345, 46, 89.47, 0
2026/07/21 11:16:26.192, 345, 46, 89.49, 0
2026/07/21 11:16:27.373, 345, 46, 89.95, 0
2026/07/21 11:16:28.551, 345, 46, 89.89, 0
2026/07/21 11:16:29.728, 345, 46, 90.02, 0
2026/07/21 11:16:30.912, 345, 46, 89.86, 0
2026/07/21 11:16:32.093, 345, 46, 89.69, 0
2026/07/21 11:16:33.275, 345, 46, 89.93, 0
2026/07/21 11:16:34.460, 345, 46, 89.98, 0
2026/07/21 11:16:35.638, 345, 46, 89.63, 0
2026/07/21 11:16:36.817, 345, 46, 89.65, 0
2026/07/21 11:16:38.005, 345, 46, 89.90, 0
2026/07/21 11:16:39.186, 345, 46, 89.57, 0
2026/07/21 11:16:40.352, 1980, 48, 133.49, 0
2026/07/21 11:16:41.511, 1980, 49, 141.71, 0
2026/07/21 11:16:42.674, 1980, 49, 141.59, 0
2026/07/21 11:16:43.833, 1980, 49, 141.26, 0
2026/07/21 11:16:44.999, 1980, 49, 141.38, 0
2026/07/21 11:16:46.160, 1980, 49, 141.55, 0
2026/07/21 11:16:47.327, 1980, 49, 141.24, 0
2026/07/21 11:16:48.488, 1980, 49, 146.66, 0
2026/07/21 11:16:49.654, 1980, 49, 150.41, 14
2026/07/21 11:16:50.815, 1980, 49, 142.63, 0
2026/07/21 11:16:51.980, 1980, 49, 142.49, 0
2026/07/21 11:16:53.138, 1980, 49, 142.87, 0
2026/07/21 11:16:54.309, 1980, 50, 189.47, 2
2026/07/21 11:16:55.484, 1455, 63, 482.04, 98
2026/07/21 11:16:56.660, 1440, 65, 516.48, 99
2026/07/21 11:16:57.831, 1575, 65, 514.09, 94
2026/07/21 11:16:59.011, 1485, 66, 513.45, 73
2026/07/21 11:17:00.184, 1605, 64, 434.03, 90
2026/07/21 11:17:01.367, 1620, 67, 520.40, 96
2026/07/21 11:17:02.545, 1605, 68, 547.28, 97
2026/07/21 11:17:03.722, 1605, 67, 507.41, 93
2026/07/21 11:17:04.897, 1650, 68, 553.45, 94
2026/07/21 11:17:06.076, 1575, 68, 549.91, 97
2026/07/21 11:17:07.250, 1650, 69, 550.83, 97
2026/07/21 11:17:08.429, 1620, 69, 555.04, 98
2026/07/21 11:17:09.607, 1590, 69, 554.59, 98
2026/07/21 11:17:10.791, 1635, 69, 553.99, 98
2026/07/21 11:17:11.972, 1695, 68, 548.92, 99
2026/07/21 11:17:13.147, 1725, 69, 556.01, 98
2026/07/21 11:17:14.326, 1695, 69, 555.36, 97
2026/07/21 11:17:15.500, 1755, 69, 554.69, 98
2026/07/21 11:17:16.680, 1575, 69, 555.32, 97
2026/07/21 11:17:17.857, 1605, 69, 545.37, 98
2026/07/21 11:17:19.029, 1920, 66, 498.26, 99
2026/07/21 11:17:20.200, 1950, 64, 474.36, 87
2026/07/21 11:17:21.376, 1905, 66, 442.59, 85
2026/07/21 11:17:22.547, 1860, 66, 483.30, 73
2026/07/21 11:17:23.723, 1950, 65, 476.92, 89
2026/07/21 11:17:24.901, 1650, 69, 510.18, 91
2026/07/21 11:17:26.080, 1650, 69, 540.19, 94
2026/07/21 11:17:27.258, 1620, 69, 546.50, 91
2026/07/21 11:17:28.451, 1980, 58, 373.27, 0
2026/07/21 11:17:29.612, 1980, 53, 145.64, 0
2026/07/21 11:17:30.772, 1980, 52, 144.59, 0
2026/07/21 11:17:31.931, 1980, 52, 144.13, 0
2026/07/21 11:17:33.088, 1980, 51, 143.68, 0
2026/07/21 11:17:34.249, 1980, 51, 143.27, 0
2026/07/21 11:17:35.408, 1980, 51, 147.88, 0
2026/07/21 11:17:36.640, 345, 48, 106.92, 0
2026/07/21 11:17:38.395, 345, 48, 89.71, 0
2026/07/21 11:17:39.717, 345, 48, 90.25, 0
2026/07/21 11:17:40.902, 345, 47, 90.13, 0
2026/07/21 11:17:42.078, 345, 47, 90.02, 0
2026/07/21 11:17:43.257, 345, 47, 89.88, 0
2026/07/21 11:17:44.432, 345, 47, 90.00, 0
2026/07/21 11:17:45.611, 345, 47, 89.93, 0
2026/07/21 11:17:46.790, 345, 47, 90.05, 0
2026/07/21 11:17:47.976, 345, 47, 89.84, 0
2026/07/21 11:17:49.141, 1980, 49, 113.90, 0
2026/07/21 11:17:50.307, 1980, 50, 149.12, 15
2026/07/21 11:17:51.479, 1980, 52, 194.79, 45
2026/07/21 11:17:52.660, 1455, 63, 457.43, 98
2026/07/21 11:17:53.827, 1470, 66, 521.77, 98
2026/07/21 11:17:55.000, 1500, 67, 516.17, 69
2026/07/21 11:17:56.176, 1635, 66, 499.12, 79
2026/07/21 11:17:57.360, 1665, 67, 521.15, 84
2026/07/21 11:17:58.529, 1590, 60, 371.40, 0
2026/07/21 11:17:59.701, 1560, 68, 536.36, 97
2026/07/21 11:18:00.884, 1530, 68, 541.72, 95
2026/07/21 11:18:02.062, 1560, 69, 547.72, 97
2026/07/21 11:18:03.234, 1485, 69, 549.68, 97
2026/07/21 11:18:04.407, 1545, 69, 550.96, 97
2026/07/21 11:18:05.586, 1560, 69, 549.39, 97
2026/07/21 11:18:06.764, 1575, 69, 545.75, 97
2026/07/21 11:18:07.938, 1590, 70, 544.60, 97
2026/07/21 11:18:09.115, 1650, 68, 540.45, 97
2026/07/21 11:18:10.291, 1620, 69, 547.66, 97
2026/07/21 11:18:11.466, 1530, 69, 550.53, 97
2026/07/21 11:18:12.640, 1545, 69, 555.48, 99
2026/07/21 11:18:13.818, 1635, 70, 553.13, 97
2026/07/21 11:18:14.991, 1920, 68, 538.28, 97
2026/07/21 11:18:16.169, 1965, 66, 523.64, 97
2026/07/21 11:18:17.361, 1980, 66, 478.77, 91
2026/07/21 11:18:18.538, 1980, 66, 484.91, 91
2026/07/21 11:18:19.713, 1980, 66, 474.10, 91
2026/07/21 11:18:20.894, 1980, 66, 476.62, 91
2026/07/21 11:18:22.070, 1980, 66, 480.35, 91
2026/07/21 11:18:23.236, 1980, 55, 266.17, 0
2026/07/21 11:18:24.397, 1980, 53, 145.39, 0
2026/07/21 11:18:25.554, 1980, 52, 147.17, 0
2026/07/21 11:18:26.941, 1980, 52, 148.14, 0
2026/07/21 11:18:28.693, 345, 48, 89.88, 0
2026/07/21 11:18:30.005, 345, 48, 90.05, 0
2026/07/21 11:18:31.189, 345, 48, 89.97, 0
2026/07/21 11:18:32.373, 345, 48, 90.03, 0
2026/07/21 11:18:33.554, 345, 47, 90.06, 0
2026/07/21 11:18:34.731, 345, 47, 90.02, 0
2026/07/21 11:18:35.910, 345, 47, 89.84, 0
2026/07/21 11:18:37.092, 345, 47, 89.92, 0
2026/07/21 11:18:38.277, 345, 47, 89.81, 0
2026/07/21 11:18:39.444, 1980, 49, 105.56, 2
2026/07/21 11:18:40.606, 1980, 50, 145.59, 1
2026/07/21 11:18:41.777, 1755, 57, 233.01, 0
2026/07/21 11:18:42.954, 1500, 64, 516.02, 95
2026/07/21 11:18:44.121, 1545, 65, 508.15, 83
2026/07/21 11:18:45.296, 1545, 67, 517.47, 93
2026/07/21 11:18:46.475, 1530, 67, 508.46, 82
2026/07/21 11:18:47.655, 1710, 66, 521.37, 97
2026/07/21 11:18:48.832, 1605, 68, 538.60, 99
2026/07/21 11:18:50.023, 1935, 64, 515.96, 94
2026/07/21 11:18:51.195, 1680, 67, 512.78, 81
2026/07/21 11:18:52.362, 1965, 66, 476.51, 84
2026/07/21 11:18:53.528, 1980, 65, 461.42, 77
2026/07/21 11:18:54.701, 1980, 64, 408.52, 88
2026/07/21 11:18:55.867, 1980, 65, 455.01, 68
2026/07/21 11:18:57.038, 1980, 65, 458.87, 82
2026/07/21 11:18:58.221, 1980, 66, 488.95, 92
2026/07/21 11:18:59.396, 1980, 66, 481.59, 92
2026/07/21 11:19:00.567, 1980, 65, 457.62, 72
2026/07/21 11:19:01.739, 1980, 64, 443.23, 84
2026/07/21 11:19:02.913, 1980, 64, 452.48, 85
2026/07/21 11:19:04.089, 1980, 65, 456.57, 84
2026/07/21 11:19:05.270, 1980, 65, 473.40, 90
2026/07/21 11:19:06.441, 1980, 65, 468.33, 90
2026/07/21 11:19:07.618, 1980, 66, 477.87, 90
2026/07/21 11:19:08.793, 1980, 66, 476.91, 91
2026/07/21 11:19:09.972, 1980, 66, 478.69, 91
2026/07/21 11:19:11.146, 1980, 66, 482.91, 91
2026/07/21 11:19:12.309, 1980, 54, 146.37, 0
2026/07/21 11:19:13.466, 1980, 52, 144.89, 0
2026/07/21 11:19:14.628, 1980, 52, 146.30, 0
2026/07/21 11:19:15.791, 1980, 51, 148.03, 0
2026/07/21 11:19:17.265, 345, 48, 89.83, 0
2026/07/21 11:19:19.234, 345, 48, 89.96, 0
2026/07/21 11:19:20.412, 345, 48, 89.86, 0
2026/07/21 11:19:21.592, 345, 47, 89.95, 0
2026/07/21 11:19:22.777, 345, 47, 89.85, 0
2026/07/21 11:19:23.960, 345, 47, 89.91, 0
2026/07/21 11:19:25.136, 345, 47, 89.82, 0
2026/07/21 11:19:26.316, 345, 47, 89.93, 0
2026/07/21 11:19:27.498, 345, 47, 89.77, 0
2026/07/21 11:19:28.659, 1980, 48, 104.09, 0
2026/07/21 11:19:29.819, 1980, 50, 145.82, 8
2026/07/21 11:19:31.001, 1980, 50, 164.79, 0
2026/07/21 11:19:32.172, 1425, 61, 359.73, 98
2026/07/21 11:19:33.349, 1890, 63, 507.05, 97
2026/07/21 11:19:34.520, 1500, 66, 503.08, 90
2026/07/21 11:19:35.692, 1440, 67, 522.20, 100
2026/07/21 11:19:36.868, 1800, 65, 517.76, 100
2026/07/21 11:19:38.044, 1695, 67, 549.95, 97
2026/07/21 11:19:39.223, 1455, 69, 543.50, 94
2026/07/21 11:19:40.402, 1635, 69, 544.26, 99
2026/07/21 11:19:41.587, 1785, 67, 538.03, 100
2026/07/21 11:19:42.769, 1755, 68, 543.80, 95
2026/07/21 11:19:43.944, 1515, 69, 547.08, 94
2026/07/21 11:19:45.123, 1740, 67, 549.95, 95
2026/07/21 11:19:46.299, 1470, 69, 545.18, 100
2026/07/21 11:19:47.473, 1665, 68, 497.22, 91
2026/07/21 11:19:48.655, 1500, 67, 499.81, 74
2026/07/21 11:19:49.831, 1500, 69, 539.62, 94
2026/07/21 11:19:51.011, 1515, 66, 356.26, 50
2026/07/21 11:19:52.190, 1860, 65, 481.12, 92
2026/07/21 11:19:53.370, 1575, 66, 479.56, 80
2026/07/21 11:19:54.544, 1500, 67, 481.01, 96
2026/07/21 11:19:55.715, 1920, 65, 485.04, 87
2026/07/21 11:19:56.897, 1530, 68, 538.64, 93
2026/07/21 11:19:58.076, 1560, 68, 541.78, 97
2026/07/21 11:19:59.254, 1515, 69, 538.10, 95
2026/07/21 11:20:00.433, 1515, 68, 548.17, 95
2026/07/21 11:20:01.614, 1530, 69, 539.66, 94
2026/07/21 11:20:02.798, 1755, 67, 546.15, 100
2026/07/21 11:20:03.979, 1710, 69, 539.82, 100
2026/07/21 11:20:05.155, 1530, 69, 543.82, 93
2026/07/21 11:20:06.334, 1575, 69, 526.92, 100
2026/07/21 11:20:07.511, 1515, 68, 509.08, 89
2026/07/21 11:20:08.697, 1725, 69, 541.35, 97
2026/07/21 11:20:09.884, 1530, 69, 544.53, 93
2026/07/21 11:20:11.043, 1980, 54, 146.15, 0
2026/07/21 11:20:12.204, 1980, 52, 144.84, 1
2026/07/21 11:20:13.515, 1980, 52, 147.91, 0
2026/07/21 11:20:14.693, 345, 49, 102.61, 0
2026/07/21 11:20:15.946, 345, 48, 89.60, 0
2026/07/21 11:20:17.684, 345, 48, 89.50, 0
2026/07/21 11:20:18.879, 345, 47, 89.47, 0
2026/07/21 11:20:20.061, 345, 47, 89.62, 0
2026/07/21 11:20:21.242, 345, 47, 89.51, 0
2026/07/21 11:20:22.419, 345, 47, 89.27, 0
2026/07/21 11:20:23.595, 345, 47, 89.10, 0
2026/07/21 11:20:24.771, 345, 47, 89.24, 0
2026/07/21 11:20:25.946, 345, 47, 89.17, 0
2026/07/21 11:20:27.122, 345, 47, 89.10, 0
2026/07/21 11:20:28.301, 345, 47, 89.07, 0
2026/07/21 11:20:29.484, 345, 47, 89.15, 0
2026/07/21 11:20:30.667, 345, 47, 89.13, 0
2026/07/21 11:20:31.847, 345, 47, 89.25, 0
2026/07/21 11:20:33.026, 345, 46, 89.10, 0
2026/07/21 11:20:34.200, 345, 46, 89.20, 0
2026/07/21 11:20:35.521, 345, 46, 89.22, 0
2026/07/21 11:20:37.289, 345, 46, 89.29, 0
2026/07/21 11:20:38.464, 345, 46, 89.23, 0
2026/07/21 11:20:39.646, 345, 46, 89.25, 0
2026/07/21 11:20:40.825, 345, 46, 89.18, 0
2026/07/21 11:20:42.006, 345, 46, 89.47, 0
2026/07/21 11:20:43.189, 345, 46, 89.31, 0
2026/07/21 11:20:44.365, 345, 46, 89.64, 0
2026/07/21 11:20:45.547, 345, 46, 89.71, 0
2026/07/21 11:20:46.728, 345, 46, 89.73, 0
2026/07/21 11:20:47.904, 345, 46, 89.33, 0
2026/07/21 11:20:49.083, 345, 46, 89.42, 0
2026/07/21 11:20:50.260, 345, 46, 89.35, 0
2026/07/21 11:20:51.449, 345, 46, 89.54, 0
2026/07/21 11:20:52.631, 345, 46, 89.18, 0
2026/07/21 11:20:53.808, 345, 46, 89.42, 0
2026/07/21 11:20:54.990, 345, 46, 89.33, 0
2026/07/21 11:20:56.167, 345, 46, 89.71, 0
2026/07/21 11:20:57.332, 1980, 48, 138.76, 0
2026/07/21 11:20:58.496, 1980, 49, 142.93, 0
2026/07/21 11:20:59.870, 1980, 49, 142.77, 0
2026/07/21 11:21:01.050, 1980, 49, 142.50, 0
2026/07/21 11:21:02.209, 1980, 49, 142.56, 0
2026/07/21 11:21:03.368, 1980, 49, 142.62, 0
2026/07/21 11:21:04.532, 1980, 50, 171.91, 0
2026/07/21 11:21:05.696, 1980, 49, 150.00, 0
2026/07/21 11:21:06.857, 1980, 49, 143.83, 0
2026/07/21 11:21:08.024, 1935, 54, 206.09, 88
2026/07/21 11:21:09.198, 1980, 50, 222.82, 14
2026/07/21 11:21:10.367, 1395, 64, 517.00, 100
2026/07/21 11:21:11.539, 1425, 66, 528.63, 99
2026/07/21 11:21:12.713, 1575, 68, 545.65, 97
2026/07/21 11:21:13.892, 1455, 68, 548.26, 98
2026/07/21 11:21:15.072, 1455, 69, 548.37, 98
2026/07/21 11:21:16.260, 1425, 69, 551.85, 99
2026/07/21 11:21:17.443, 1530, 65, 349.32, 95
2026/07/21 11:21:18.621, 1500, 68, 544.06, 99
2026/07/21 11:21:19.809, 1500, 69, 559.30, 99
2026/07/21 11:21:20.987, 1485, 69, 553.38, 100
2026/07/21 11:21:22.166, 1575, 69, 551.87, 97
2026/07/21 11:21:23.344, 1575, 69, 556.36, 97
2026/07/21 11:21:24.532, 1605, 69, 554.87, 94
2026/07/21 11:21:25.714, 1590, 70, 554.18, 99
2026/07/21 11:21:26.889, 1560, 70, 556.08, 100
2026/07/21 11:21:28.068, 1530, 70, 554.66, 97
2026/07/21 11:21:29.252, 1485, 70, 556.65, 97
2026/07/21 11:21:30.441, 1500, 69, 550.33, 99
2026/07/21 11:21:31.620, 1560, 70, 554.31, 98
2026/07/21 11:21:32.800, 1500, 70, 551.34, 100
2026/07/21 11:21:33.980, 1530, 70, 553.77, 100
2026/07/21 11:21:35.169, 1560, 70, 544.25, 97
2026/07/21 11:21:36.350, 1560, 70, 551.66, 97
2026/07/21 11:21:37.526, 1500, 70, 553.27, 99
2026/07/21 11:21:38.709, 1530, 70, 552.08, 100
2026/07/21 11:21:39.872, 1980, 56, 319.36, 0
2026/07/21 11:21:41.030, 1980, 53, 145.54, 0
2026/07/21 11:21:42.186, 1980, 52, 144.47, 0
2026/07/21 11:21:43.348, 1980, 52, 144.13, 0
2026/07/21 11:21:44.511, 1980, 51, 143.62, 0
2026/07/21 11:21:45.674, 1980, 51, 145.88, 0
2026/07/21 11:21:46.831, 1980, 51, 147.71, 0
2026/07/21 11:21:48.085, 345, 48, 90.08, 0
2026/07/21 11:21:49.761, 345, 48, 89.91, 0
2026/07/21 11:21:50.950, 345, 48, 89.92, 0
2026/07/21 11:21:52.128, 345, 47, 90.01, 0
2026/07/21 11:21:53.306, 345, 47, 90.08, 0
2026/07/21 11:21:54.482, 345, 47, 90.07, 0
2026/07/21 11:21:55.668, 345, 47, 89.99, 0
2026/07/21 11:21:56.853, 345, 47, 89.78, 0
2026/07/21 11:21:58.032, 345, 47, 90.14, 0
2026/07/21 11:21:59.209, 345, 47, 89.95, 0
2026/07/21 11:22:00.374, 1980, 49, 138.59, 0
2026/07/21 11:22:01.653, 1965, 52, 210.67, 21
2026/07/21 11:22:02.831, 1380, 63, 397.74, 99
2026/07/21 11:22:04.005, 1410, 66, 536.73, 99
2026/07/21 11:22:05.176, 1440, 67, 536.71, 99
2026/07/21 11:22:06.356, 1425, 68, 541.51, 100
2026/07/21 11:22:07.530, 1440, 69, 553.76, 100
2026/07/21 11:22:08.709, 1455, 69, 555.66, 98
2026/07/21 11:22:09.884, 1455, 70, 553.40, 99
2026/07/21 11:22:11.060, 1500, 70, 555.70, 98
2026/07/21 11:22:12.234, 1455, 70, 553.27, 98
2026/07/21 11:22:13.411, 1455, 70, 554.16, 99
2026/07/21 11:22:14.587, 1425, 70, 551.44, 99
2026/07/21 11:22:15.761, 1425, 70, 551.66, 98
2026/07/21 11:22:16.936, 1485, 69, 550.10, 97
2026/07/21 11:22:18.112, 1515, 68, 396.62, 96
2026/07/21 11:22:19.288, 1515, 69, 552.55, 99
2026/07/21 11:22:20.463, 1425, 70, 554.18, 99
2026/07/21 11:22:21.635, 1485, 70, 551.74, 100
2026/07/21 11:22:22.814, 1500, 70, 552.55, 100
2026/07/21 11:22:23.989, 1455, 70, 553.86, 98
2026/07/21 11:22:25.166, 1455, 70, 554.83, 98
2026/07/21 11:22:26.339, 1545, 70, 553.03, 99
2026/07/21 11:22:27.517, 1500, 70, 552.06, 99
2026/07/21 11:22:28.691, 1515, 70, 555.75, 99
2026/07/21 11:22:29.867, 1545, 71, 550.82, 100
2026/07/21 11:22:31.041, 1425, 70, 553.34, 100
2026/07/21 11:22:32.218, 1440, 71, 551.94, 96
2026/07/21 11:22:33.387, 1980, 55, 160.31, 0
2026/07/21 11:22:34.547, 1980, 53, 145.45, 0
2026/07/21 11:22:35.707, 1980, 52, 149.02, 0
2026/07/21 11:22:36.898, 345, 49, 92.05, 0
2026/07/21 11:22:38.655, 345, 48, 89.74, 0
2026/07/21 11:22:39.967, 345, 48, 90.06, 0
2026/07/21 11:22:41.149, 345, 48, 90.05, 0
2026/07/21 11:22:42.331, 345, 48, 90.01, 0
2026/07/21 11:22:43.515, 345, 48, 90.08, 0
2026/07/21 11:22:44.690, 345, 47, 89.94, 0
2026/07/21 11:22:45.868, 345, 47, 89.84, 0
2026/07/21 11:22:47.048, 345, 47, 90.09, 0
2026/07/21 11:22:48.231, 345, 47, 89.83, 0
2026/07/21 11:22:49.394, 1980, 49, 110.81, 0
2026/07/21 11:22:50.555, 1980, 50, 149.30, 19
2026/07/21 11:22:51.733, 1485, 56, 311.51, 100
2026/07/21 11:22:52.908, 1425, 66, 540.97, 100
2026/07/21 11:22:54.081, 1395, 66, 536.02, 100
2026/07/21 11:22:55.254, 1395, 68, 543.07, 100
2026/07/21 11:22:56.434, 1515, 69, 546.23, 97
2026/07/21 11:22:57.613, 1440, 69, 544.58, 98
2026/07/21 11:22:58.786, 1455, 68, 552.41, 99
2026/07/21 11:22:59.960, 1425, 69, 555.08, 99
2026/07/21 11:23:01.137, 1485, 70, 552.52, 99
2026/07/21 11:23:02.314, 1440, 70, 552.00, 100
2026/07/21 11:23:03.486, 1425, 70, 555.98, 100
2026/07/21 11:23:04.663, 1515, 70, 551.33, 98
2026/07/21 11:23:05.841, 1455, 70, 553.99, 98
2026/07/21 11:23:07.017, 1440, 70, 551.38, 99
2026/07/21 11:23:08.192, 1485, 70, 553.70, 99
2026/07/21 11:23:09.370, 1485, 70, 553.18, 99
2026/07/21 11:23:10.545, 1485, 70, 551.44, 100
2026/07/21 11:23:11.721, 1695, 69, 546.53, 98
2026/07/21 11:23:12.895, 1965, 69, 537.55, 99
2026/07/21 11:23:14.066, 1965, 67, 376.14, 92
2026/07/21 11:23:15.246, 1980, 68, 525.35, 99
2026/07/21 11:23:16.426, 1980, 69, 537.88, 99
2026/07/21 11:23:17.597, 1980, 69, 537.41, 99
2026/07/21 11:23:18.787, 1980, 69, 537.25, 97
2026/07/21 11:23:19.948, 1980, 58, 375.69, 0
2026/07/21 11:23:21.106, 1980, 54, 146.26, 0
2026/07/21 11:23:22.265, 1980, 53, 146.84, 0
2026/07/21 11:23:23.423, 1980, 52, 148.15, 0
2026/07/21 11:23:24.831, 345, 49, 93.15, 0
2026/07/21 11:23:26.658, 345, 48, 90.15, 0
2026/07/21 11:23:27.838, 345, 48, 90.04, 0
2026/07/21 11:23:29.014, 345, 48, 90.06, 0
2026/07/21 11:23:30.192, 345, 48, 90.04, 0
2026/07/21 11:23:31.366, 345, 48, 90.09, 0
2026/07/21 11:23:32.541, 345, 47, 90.09, 0
2026/07/21 11:23:33.718, 345, 47, 90.00, 0
2026/07/21 11:23:34.899, 345, 47, 90.05, 0
2026/07/21 11:23:36.095, 1980, 47, 91.67, 0
2026/07/21 11:23:37.282, 1980, 49, 141.80, 0
2026/07/21 11:23:38.441, 1965, 51, 188.16, 11
2026/07/21 11:23:39.620, 1320, 64, 396.65, 98
2026/07/21 11:23:40.796, 1365, 65, 522.11, 99
2026/07/21 11:23:41.972, 1500, 68, 541.13, 100
2026/07/21 11:23:43.145, 1470, 68, 531.99, 98
2026/07/21 11:23:44.322, 1410, 69, 550.42, 99
2026/07/21 11:23:45.498, 1395, 69, 538.77, 100
2026/07/21 11:23:46.680, 1485, 69, 546.04, 98
2026/07/21 11:23:47.866, 1575, 69, 548.28, 100
2026/07/21 11:23:49.040, 1440, 70, 553.40, 98
2026/07/21 11:23:50.214, 1560, 69, 552.41, 100
2026/07/21 11:23:51.396, 1470, 70, 554.28, 98
2026/07/21 11:23:52.574, 1545, 70, 551.76, 100
2026/07/21 11:23:53.751, 1530, 70, 553.03, 98
2026/07/21 11:23:54.927, 1440, 70, 554.52, 100
2026/07/21 11:23:56.103, 1560, 70, 549.79, 98
2026/07/21 11:23:57.283, 1455, 70, 553.09, 100
2026/07/21 11:23:58.465, 1455, 70, 553.79, 98
2026/07/21 11:23:59.644, 1605, 70, 549.46, 100
2026/07/21 11:24:00.817, 1470, 70, 553.56, 98
2026/07/21 11:24:01.995, 1590, 70, 550.97, 100
2026/07/21 11:24:03.176, 1440, 71, 555.68, 98
2026/07/21 11:24:04.353, 1455, 71, 556.04, 100
2026/07/21 11:24:05.527, 1605, 70, 550.33, 98
2026/07/21 11:24:06.706, 1425, 70, 552.51, 100
2026/07/21 11:24:07.882, 1485, 70, 551.47, 98
2026/07/21 11:24:09.058, 1455, 70, 548.77, 100
2026/07/21 11:24:10.230, 1470, 71, 553.17, 98
2026/07/21 11:24:11.409, 1500, 70, 551.95, 100
2026/07/21 11:24:12.585, 1440, 71, 553.46, 98
2026/07/21 11:24:13.751, 1965, 61, 441.52, 0
2026/07/21 11:24:14.910, 1980, 54, 146.69, 0
2026/07/21 11:24:16.072, 1980, 53, 145.20, 0
